p,mask
7,0
11,0
13,1
17,0
19,1
23,1
29,1
31,0
37,1
41,1
43,0
47,1
53,0
59,0
61,0
67,0
71,0
73,1
79,0
83,1
89,1
97,1
101,1
103,0
107,1
109,0
113,0
127,0
131,0
137,0
139,1
149,1
151,1
157,1
163,0
167,1
173,0
179,0
181,0
191,0
193,1
197,0
199,1
211,0
223,0
227,1
229,0
233,0
239,0
241,0
251,0
257,0
263,1
269,1
271,1
277,0
281,1
283,0
293,0
307,0
311,0
313,1
317,0
331,0
337,1
347,1
349,0
353,0
359,0
367,0
373,1
379,1
383,1
389,1
397,0
401,1
409,0
419,0
421,0
431,0
433,1
439,1
443,0
449,1
457,1
461,1
463,0
467,1
479,0
487,0
491,0
499,1
503,1
509,1
521,1
523,0
541,0
547,0
557,0
563,1
569,1
571,0
577,1
587,1
593,0
599,0
601,0
607,0
613,1
617,0
619,1
631,1
641,1
643,0
647,1
653,0
659,0
661,0
673,0
677,0
683,1
691,1
701,1
709,0
719,0
727,0
733,1
739,0
743,1
751,1
757,1
761,0
769,0
773,0
787,0
797,0
809,1
811,0
821,1
823,0
827,1
829,0
839,0
853,0
857,0
859,0
863,1
877,0
881,1
883,0
887,1
907,0
911,0
919,1
929,1
937,0
941,0
947,1
953,0
967,0
971,0
977,0
983,1
991,0
997,0
